{
	//----------------------------------------------//
	// Sound effects                                //
	//----------------------------------------------//

	// You can also mod (most) of the sound effects if you like.
	// They are in general using the same hexadecimal IDs as seen in the original game's level select.
	// Some examples:
	
	// Boss hit sound
    "B4": { "File": "Hit.ogg", "Type": "Sound" },	

	// Damage sound
	"B9": { "File": "Damage.ogg", "Type": "Sound", "Channel": "AB" },
	
	// Death sound
    "35": { "File": "Death.ogg", "Type": "Sound" },

	// Rolling sound
	"3C": { "File": "Roll.ogg", "Type": "Sound" },
	
	// Bumper sound
	"AA": { "File": "Bumper.ogg", "Type": "Sound" },		
	
	// Spindash charging sound
	"AB": { "File": "Charge.ogg", "Type": "Sound" },		

	// Spindash release sound (note: it uses the spindash charging sound's channel "AB", in order to stop it)
	"B6": { "File": "Roll.ogg", "Type": "Sound", "Channel": "AB" },
	
	// Spindash release sound
    "B6": { "File": "Spin_Release.ogg", "Type": "Sound", "Channel": "AB" },

	// Jump sound
	"62": { "File": "Jump.ogg", "Type": "Sound", "Channel": "AB" },
	// In addition, all the sound IDs from "33" to "BB" are valid keys you can replace with your own ogg files.
	
	// Super Transform sound
	"9F": { "File": "Transform.ogg", "Type": "Sound" },

	// The only difficult cases are the following sound effects, which won't really work by playing an audio
	// file, but need to be emulated instead:
	//  - The spindash charging sound "AB" (because of the reverb effect)
	//	- The continuous sound effects, which is full range from "BC" to "DB"


	// And last but not least, there's these special sound effects for S3AIR:

	"peelout_charge":  { "File": "Peelout.ogg", "Type": "Sound", "Channel": "AB" },
	"peelout_release": { "File": "Peelout_Release.ogg", "Type": "Sound", "Channel": "AB" }

}
