{
	"cutscene_knuckles_1_0x01": { "File": "character_cutscene_knuckles_t.bmp", "Rect": "8,120,48,48", "Center": "14,28" },
	"cutscene_knuckles_1_0x02": { "File": "character_cutscene_knuckles_t.bmp", "Rect": "64,120,56,48", "Center": "20,28" },
	"cutscene_knuckles_1_0x03": { "File": "character_cutscene_knuckles_t.bmp", "Rect": "128,120,48,48", "Center": "17,28" },
	"cutscene_knuckles_1_0x04": { "File": "character_cutscene_knuckles_t.bmp", "Rect": "752,64,48,48", "Center": "24,28" },
	"cutscene_knuckles_1_0x05": { "File": "character_cutscene_knuckles_t.bmp", "Rect": "808,64,48,48", "Center": "24,28" },
	"cutscene_knuckles_1_0x06": { "File": "character_cutscene_knuckles_t.bmp", "Rect": "864,64,48,48", "Center": "24,28" },
	"cutscene_knuckles_1_0x07": { "File": "character_cutscene_knuckles_t.bmp", "Rect": "920,64,48,48", "Center": "24,28" },
	"cutscene_knuckles_1_0x08": { "File": "character_cutscene_knuckles_t.bmp", "Rect": "696,64,48,48", "Center": "24,28" },
	"cutscene_knuckles_1_0x09": { "File": "character_cutscene_knuckles_t.bmp", "Rect": "192,120,48,48", "Center": "24,28" },
	"cutscene_knuckles_1_0x0a": { "File": "character_cutscene_knuckles_t.bmp", "Rect": "8,64,48,48", "Center": "24,28" },
	"cutscene_knuckles_1_0x0b": { "File": "character_cutscene_knuckles_t.bmp", "Rect": "64,64,48,48", "Center": "24,28" },
	"cutscene_knuckles_1_0x0c": { "File": "character_cutscene_knuckles_t.bmp", "Rect": "120,64,48,48", "Center": "24,28" },
	"cutscene_knuckles_1_0x0d": { "File": "character_cutscene_knuckles_t.bmp", "Rect": "176,64,48,48", "Center": "24,28" },
	"cutscene_knuckles_1_0x0e": { "File": "character_cutscene_knuckles_t.bmp", "Rect": "232,64,48,48", "Center": "24,28" },
	"cutscene_knuckles_1_0x0f": { "File": "character_cutscene_knuckles_t.bmp", "Rect": "288,64,48,48", "Center": "24,28" },
	"cutscene_knuckles_1_0x10": { "File": "character_cutscene_knuckles_t.bmp", "Rect": "344,64,48,48", "Center": "24,28" },
	"cutscene_knuckles_1_0x11": { "File": "character_cutscene_knuckles_t.bmp", "Rect": "400,64,48,48", "Center": "24,28" },
	"cutscene_knuckles_1_0x12": { "File": "character_cutscene_knuckles_t.bmp", "Rect": "464,64,48,48", "Center": "24,28" },
	"cutscene_knuckles_1_0x13": { "File": "character_cutscene_knuckles_t.bmp", "Rect": "520,64,48,48", "Center": "24,28" },
	"cutscene_knuckles_1_0x14": { "File": "character_cutscene_knuckles_t.bmp", "Rect": "576,64,48,48", "Center": "24,28" },
	"cutscene_knuckles_1_0x15": { "File": "character_cutscene_knuckles_t.bmp", "Rect": "632,64,48,48", "Center": "24,28" },
	"cutscene_knuckles_1_0x16": { "File": "character_cutscene_knuckles_t.bmp", "Rect": "304,8,48,48", "Center": "24,28" },
	"cutscene_knuckles_1_0x17": { "File": "character_cutscene_knuckles_t.bmp", "Rect": "360,8,48,48", "Center": "24,28" },
	"cutscene_knuckles_1_0x18": { "File": "character_cutscene_knuckles_t.bmp", "Rect": "416,8,48,48", "Center": "24,28" },
	"cutscene_knuckles_1_0x19": { "File": "character_cutscene_knuckles_t.bmp", "Rect": "472,8,48,48", "Center": "24,28" },
	"cutscene_knuckles_1_0x1a": { "File": "character_cutscene_knuckles_t.bmp", "Rect": "528,8,48,48", "Center": "24,28" },
	"cutscene_knuckles_1_0x1b": { "File": "character_cutscene_knuckles_t.bmp", "Rect": "584,8,48,48", "Center": "24,28" },
	"cutscene_knuckles_1_0x1c": { "File": "character_cutscene_knuckles_t.bmp", "Rect": "640,8,48,48", "Center": "24,28" },
	"cutscene_knuckles_1_0x1d": { "File": "character_cutscene_knuckles_t.bmp", "Rect": "704,8,48,48", "Center": "24,28" },
	"cutscene_knuckles_1_0x1e": { "File": "character_cutscene_knuckles_t.bmp", "Rect": "760,8,48,48", "Center": "24,28" },
	"cutscene_knuckles_1_0x1f": { "File": "character_cutscene_knuckles_t.bmp", "Rect": "816,8,48,48", "Center": "24,28" },
	"cutscene_knuckles_1_0x20": { "File": "character_cutscene_knuckles_t.bmp", "Rect": "8,8,48,48", "Center": "24,28" },
	"cutscene_knuckles_1_0x21": { "File": "character_cutscene_knuckles_t.bmp", "Rect": "72,8,48,48", "Center": "24,28" },
	"cutscene_knuckles_1_0x22": { "File": "character_cutscene_knuckles_t.bmp", "Rect": "128,8,48,48", "Center": "24,28" },
	"cutscene_knuckles_1_0x23": { "File": "character_cutscene_knuckles_t.bmp", "Rect": "184,8,48,48", "Center": "24,28" },
	"cutscene_knuckles_1_0x24": { "File": "character_cutscene_knuckles_t.bmp", "Rect": "240,8,48,48", "Center": "24,28" },

	"cutscene_knuckles_2_0x00": { "File": "character_cutscene_knuckles_t.bmp", "Rect": "304,176,48,48", "Center": "24,28" },
	"cutscene_knuckles_2_0x01": { "File": "character_cutscene_knuckles_t.bmp", "Rect": "360,176,48,48", "Center": "24,28" },
	"cutscene_knuckles_2_0x02": { "File": "character_cutscene_knuckles_t.bmp", "Rect": "424,176,48,48", "Center": "24,28" },
	"cutscene_knuckles_2_0x03": { "File": "character_cutscene_knuckles_t.bmp", "Rect": "480,176,48,48", "Center": "24,28" },
	"cutscene_knuckles_2_0x04": { "File": "character_cutscene_knuckles_t.bmp", "Rect": "592,176,48,48", "Center": "24,28" },
	"cutscene_knuckles_2_0x05": { "File": "character_cutscene_knuckles_t.bmp", "Rect": "536,176,48,48", "Center": "24,28" },
	"cutscene_knuckles_2_0x06": { "File": "character_cutscene_knuckles_t.bmp", "Rect": "656,176,48,48", "Center": "24,28" },
	"cutscene_knuckles_2_0x07": { "File": "character_cutscene_knuckles_t.bmp", "Rect": "712,176,48,48", "Center": "24,28" },
	"cutscene_knuckles_2_0x08": { "File": "character_cutscene_knuckles_t.bmp", "Rect": "768,176,48,48", "Center": "24,28" },
	"cutscene_knuckles_2_0x09": { "File": "character_cutscene_knuckles_t.bmp", "Rect": "8,176,48,48", "Center": "24,28" },
	"cutscene_knuckles_2_0x0a": { "File": "character_cutscene_knuckles_t.bmp", "Rect": "64,176,48,48", "Center": "24,28" },
	"cutscene_knuckles_2_0x0b": { "File": "character_cutscene_knuckles_t.bmp", "Rect": "120,176,48,48", "Center": "24,28" },
	"cutscene_knuckles_2_0x0c": { "File": "character_cutscene_knuckles_t.bmp", "Rect": "176,176,48,48", "Center": "24,28" },
	"cutscene_knuckles_2_0x0d": { "File": "character_cutscene_knuckles_t.bmp", "Rect": "240,176,48,48", "Center": "24,28" },
	"cutscene_knuckles_2_0x0e": { "File": "character_cutscene_knuckles_t.bmp", "Rect": "8,232,48,48", "Center": "24,28" },
	"cutscene_knuckles_2_0x0f": { "File": "character_cutscene_knuckles_t.bmp", "Rect": "64,232,48,48", "Center": "24,28" },
	"cutscene_knuckles_2_0x10": { "File": "character_cutscene_knuckles_t.bmp", "Rect": "120,232,48,48", "Center": "24,28" },
	"cutscene_knuckles_2_0x11": { "File": "character_cutscene_knuckles_t.bmp", "Rect": "176,232,48,48", "Center": "24,28" },
	"cutscene_knuckles_2_0x12": { "File": "character_cutscene_knuckles_t.bmp", "Rect": "232,232,48,48", "Center": "24,28" },

	"cutscene_knuckles_3_0x00": { "File": "character_cutscene_knuckles_t.bmp", "Rect": "296,232,48,48", "Center": "24,28" },
	"cutscene_knuckles_3_0x01": { "File": "character_cutscene_knuckles_t.bmp", "Rect": "352,232,48,48", "Center": "24,28" },
	"cutscene_knuckles_3_0x02": { "File": "character_cutscene_knuckles_t.bmp", "Rect": "408,232,48,48", "Center": "24,28" },
	"cutscene_knuckles_3_0x03": { "File": "character_cutscene_knuckles_t.bmp", "Rect": "464,232,48,48", "Center": "24,28" },
	"cutscene_knuckles_3_0x04": { "File": "character_cutscene_knuckles_t.bmp", "Rect": "520,232,48,48", "Center": "24,28" },
	"cutscene_knuckles_3_0x05": { "File": "character_cutscene_knuckles_t.bmp", "Rect": "576,232,48,48", "Center": "24,28" },
	"cutscene_knuckles_3_0x06": { "File": "character_cutscene_knuckles_t.bmp", "Rect": "632,232,48,48", "Center": "23,28" },

	"cutscene_knuckles_4_0x00": { "File": "character_cutscene_knuckles_t.bmp", "Rect": "600,120,48,48", "Center": "20,28" },
	"cutscene_knuckles_4_0x01": { "File": "character_cutscene_knuckles_t.bmp", "Rect": "656,120,48,48", "Center": "20,28" },
	"cutscene_knuckles_4_0x02": { "File": "character_cutscene_knuckles_t.bmp", "Rect": "712,120,48,48", "Center": "20,28" },
	"cutscene_knuckles_4_0x03": { "File": "character_cutscene_knuckles_t.bmp", "Rect": "544,120,48,48", "Center": "20,28" },

	"cutscene_knuckles_5_0x00": { "File": "character_cutscene_knuckles_t.bmp", "Rect": "8,312,48,48", "Center": "24,28" },
	"cutscene_knuckles_5_0x01": { "File": "character_cutscene_knuckles_t.bmp", "Rect": "64,312,48,48", "Center": "24,28" },
	"cutscene_knuckles_5_0x02": { "File": "character_cutscene_knuckles_t.bmp", "Rect": "128,312,48,48", "Center": "24,28" },
	"cutscene_knuckles_5_0x03": { "File": "character_cutscene_knuckles_t.bmp", "Rect": "184,312,48,48", "Center": "24,28" },
	"cutscene_knuckles_5_0x04": { "File": "character_cutscene_knuckles_t.bmp", "Rect": "240,312,48,48", "Center": "24,28" },
	"cutscene_knuckles_5_0x05": { "File": "character_cutscene_knuckles_t.bmp", "Rect": "304,312,48,48", "Center": "24,28" },
	"cutscene_knuckles_5_0x06": { "File": "character_cutscene_knuckles_t.bmp", "Rect": "360,312,48,48", "Center": "24,28" },
	"cutscene_knuckles_5_0x07": { "File": "character_cutscene_knuckles_t.bmp", "Rect": "416,312,48,48", "Center": "24,28" },
	"cutscene_knuckles_5_0x08": { "File": "character_cutscene_knuckles_t.bmp", "Rect": "472,312,48,48", "Center": "24,28" },
	"cutscene_knuckles_5_0x09": { "File": "character_cutscene_knuckles_t.bmp", "Rect": "536,312,48,48", "Center": "24,28" },
	"cutscene_knuckles_5_0x0a": { "File": "character_cutscene_knuckles_t.bmp", "Rect": "592,312,48,48", "Center": "24,28" },

	"cutscene_knuckles_6_0x01": { "File": "character_cutscene_knuckles_t.bmp", "Rect": "72,368,48,48", "Center": "24,28" },
	"cutscene_knuckles_6_0x02": { "File": "character_cutscene_knuckles_t.bmp", "Rect": "128,368,48,48", "Center": "24,28" },
	"cutscene_knuckles_6_0x03": { "File": "character_cutscene_knuckles_t.bmp", "Rect": "184,368,48,48", "Center": "24,28" },
	"cutscene_knuckles_6_0x04": { "File": "character_cutscene_knuckles_t.bmp", "Rect": "8,368,48,48", "Center": "24,28" },
	"cutscene_knuckles_6_0x05": { "File": "character_cutscene_knuckles_t.bmp", "Rect": "248,368,48,48", "Center": "24,28" },
	"cutscene_knuckles_6_0x06": { "File": "character_cutscene_knuckles_t.bmp", "Rect": "304,368,48,48", "Center": "24,28" },
	"cutscene_knuckles_6_0x07": { "File": "character_cutscene_knuckles_t.bmp", "Rect": "360,368,48,48", "Center": "24,28" },

	"cutscene_knuckles_7_0x00": { "File": "character_cutscene_knuckles_t.bmp", "Rect": "312,120,48,48", "Center": "20,28" },
	"cutscene_knuckles_7_0x01": { "File": "character_cutscene_knuckles_t.bmp", "Rect": "368,120,48,48", "Center": "20,28" },
	"cutscene_knuckles_7_0x02": { "File": "character_cutscene_knuckles_t.bmp", "Rect": "424,120,48,48", "Center": "20,28" },
	"cutscene_knuckles_7_0x03": { "File": "character_cutscene_knuckles_t.bmp", "Rect": "480,120,48,48", "Center": "20,28" },
	"cutscene_knuckles_7_0x04": { "File": "character_cutscene_knuckles_t.bmp", "Rect": "256,120,48,48", "Center": "20,28" }
}