{
	"Sonic_Intro_0":  { "File": "Sonic_intro_1.png" },
	"Sonic_Intro_1":  { "File": "Sonic_intro_2.png" },
	"Sonic_Intro_2":  { "File": "Sonic_intro_3.png" },
	"Sonic_Intro_3":  { "File": "Sonic_intro_4.png" },
	"Sonic_Intro_4":  { "File": "Sonic_intro_5.png" },
	"Sonic_Intro_5":  { "File": "Sonic_intro_6.png" },
	"Sonic_Intro_6":  { "File": "Sonic_intro_7.png" },
	"Sonic_Intro_7":  { "File": "Sonic_intro_8.png" },
	"Sonic_Intro_8":  { "File": "Sonic_intro_9.png" },
	"Sonic_Intro_9":  { "File": "Sonic_intro_10.png" },
	"Sonic_Intro_10":  { "File": "Sonic_intro_11.png" },	
	"Sonic_Intro_11":  { "File": "Sonic_intro_12.png" }
}