{
	"sonic_text_0":  { "File": "text.png", "Rect": "0,0,128,11", "Center": "20,10" },
    "sonic_text_1":  { "File": "text.png", "Rect": "0,22,128,11", "Center": "20,10" },
    "knux_text_0":  { "File": "text.png", "Rect": "0,11,128,11", "Center": "20,10" },
    "knux_text_1":  { "File": "text.png", "Rect": "0,33,128,11", "Center": "20,10" },
	"bg_title_screen_sk2":{ "File": "rock_sk_0.png", "Center": "-24,-152" },
	"minisonicknux_4":  { "File": "sonic_knuckles_icon.png", "Rect": "48,0,24,24", "Center": "0,0" },		
	"minisonicknux_5":  { "File": "sonic_knuckles_icon.png", "Rect": "0,0,24,24", "Center": "0,0" },
	"minisonicknux_6":  { "File": "sonic_knuckles_icon.png", "Rect": "24,0,24,24", "Center": "0,0" },	
	"minisonicknux_7":  { "File": "sonic_knuckles_icon.png", "Rect": "72,0,24,24", "Center": "0,0" },		
	"minisonicknux_8":  { "File": "sonic_knuckles_icon.png", "Rect": "96,0,24,24", "Center": "0,0" },	
	"death_egg": { "File": "death_egg.png", "Center": "0,0" },
	"death_egg_2": { "File": "montain.png", "Center": "-16,-55" },
	"death_egg_3": { "File": "death_egg_1.png", "Center": "0,0" },
	"sk_banner":    { "File": "sk_banner.png", "Center": "0,0" },
	"tm":    { "File": "tm.png", "Center": "0,0" },	
	"sk_sonic_falling":    { "File": "0_titlescreen_sk_sonic_falling.png", "Center": "370,150" },
	"sk_sonic_0":    { "File": "2_titlescreen_sk_sonic_0.png", "Center": "0,0" },
	"sk_sonic_1":    { "File": "2_titlescreen_sk_sonic_1.png", "Center": "0,0" },
	"sk_sonic_2":    { "File": "2_titlescreen_sk_sonic_2.png", "Center": "0,0" },
	"sk_sonic1_0":    { "File": "3_titlescreen_sk_sonic_0.png", "Center": "0,0" },
	"sk_sonic1_1":    { "File": "3_titlescreen_sk_sonic_1.png", "Center": "0,0" },
	"sk_sonic2_0":    { "File": "4_titlescreen_sk_sonic_0.png", "Center": "0,0" },
	"sk_sonic2_1":    { "File": "4_titlescreen_sk_sonic_1.png", "Center": "0,0" },
	"sk_sonic2_2":    { "File": "4_titlescreen_sk_sonic_2.png", "Center": "0,0" },		
	"sk_knuckles_0":    { "File": "2_titlescreen_sk_knuckles_0.png", "Center": "0,0" },
	"sk_knuckles_1":    { "File": "2_titlescreen_sk_knuckles_1.png", "Center": "0,0" },
	"sk_knuckles_2":    { "File": "2_titlescreen_sk_knuckles_2.png", "Center": "0,0" },
	"sk_knuckles_3":    { "File": "2_titlescreen_sk_knuckles_3.png", "Center": "0,0" },
	"sk_knuckles_4":    { "File": "2_titlescreen_sk_knuckles_4.png", "Center": "0,0" },	
	"bg_title_screen_sk3_0":    { "File": "1_titlescreen_sk_0.png", "Center": "0,0" },
	"bg_title_screen_sk3_1":    { "File": "1_titlescreen_sk_1.png", "Center": "0,0" },
	"bg_title_screen_sk3_2":    { "File": "1_titlescreen_sk_2.png", "Center": "0,0" },		
	"bg_title_screen_sk":    { "File": "bg_title_screen_sk.png", "Center": "0,256" }
}